filename,k,job_id,State,MaxRSS,Elapsed,MaxDiskWrite,WorkDirSizeKB
chm13_part1.maf,10,37262083,COMPLETED,103202K,00:00:24,9195.67M,442568
chm13_part1.maf,20,37262086,COMPLETED,153488K,00:00:55,9212.42M,13943352
chm13_part1.maf,30,37262230,COMPLETED,226492K,00:00:50,13269.03M,20176944
chm13_part1.maf,55,37262238,COMPLETED,115756K,00:00:50,20633.35M,32295240
chm13_part1_through_10.maf,10,37257101,COMPLETED,860452K,00:02:48,407.01M,464432
chm13_part1_through_10.maf,20,37257238,COMPLETED,1411808K,00:18:52,189214.16M,167765840
chm13_part1_through_10.maf,30,37258683,COMPLETED,2335104K,00:26:45,261630.04M,246690864
chm13_part1_through_10.maf,55,37259727,COMPLETED,2356084K,00:33:55,406029.32M,399970280

